timestamp,service,host,level,message
2026-03-01 02:10,eda-simulation-engine,compute-node-01,ERROR,License checkout timeout from license-server-01
2026-03-01 02:20,eda-simulation-engine,compute-node-02,ERROR,NFS storage latency threshold exceeded
2026-03-01 02:11,eda-simulation-engine,compute-node-01,ERROR,License checkout timeout from license-server-01
2026-03-01 02:21,eda-simulation-engine,compute-node-02,ERROR,NFS storage latency threshold exceeded
2026-03-01 02:12,eda-simulation-engine,compute-node-01,ERROR,License checkout timeout from license-server-01
2026-03-01 02:22,eda-simulation-engine,compute-node-02,ERROR,NFS storage latency threshold exceeded
2026-03-01 02:13,eda-simulation-engine,compute-node-01,ERROR,License checkout timeout from license-server-01
2026-03-01 02:23,eda-simulation-engine,compute-node-02,ERROR,NFS storage latency threshold exceeded
2026-03-01 02:14,eda-simulation-engine,compute-node-01,ERROR,License checkout timeout from license-server-01
2026-03-01 02:24,eda-simulation-engine,compute-node-02,ERROR,NFS storage latency threshold exceeded
2026-03-01 02:15,eda-simulation-engine,compute-node-01,ERROR,License checkout timeout from license-server-01
2026-03-01 02:25,eda-simulation-engine,compute-node-02,ERROR,NFS storage latency threshold exceeded
2026-03-01 02:16,eda-simulation-engine,compute-node-01,ERROR,License checkout timeout from license-server-01
2026-03-01 02:26,eda-simulation-engine,compute-node-02,ERROR,NFS storage latency threshold exceeded
2026-03-01 02:17,eda-simulation-engine,compute-node-01,ERROR,License checkout timeout from license-server-01
2026-03-01 02:27,eda-simulation-engine,compute-node-02,ERROR,NFS storage latency threshold exceeded
2026-03-01 02:18,eda-simulation-engine,compute-node-01,ERROR,License checkout timeout from license-server-01
2026-03-01 02:28,eda-simulation-engine,compute-node-02,ERROR,NFS storage latency threshold exceeded
2026-03-01 02:19,eda-simulation-engine,compute-node-01,ERROR,License checkout timeout from license-server-01
2026-03-01 02:29,eda-simulation-engine,compute-node-02,ERROR,NFS storage latency threshold exceeded
